,sentence
0,"""The glistening snowcaps of Mount Everest towered above us, a breathtaking backdrop for our small village in Nepal."""
1,"""Hikers come from all over the world to tackle the challenging terrain of Mount Kilimanjaro."""
2,"""Mount Vesuvius looms over the city of Pompeii, a chilling reminder of the city's tragic past."""
3,"""The sunlight reflecting off Mount Fuji's serene, mirror-like lake creates an ethereal view."""
4,"""Geologists are continuously monitoring the volcanic activity on Mount St. Helens to predict potential eruptions."""
5,"""Mount K2, located on the China-Pakistan border, is often referred to as the Savage Mountain because of its extreme conditions and high fatality rate."""
6,"""Expectedly, many artists and poets have been captivated by the mystical beauty of Mount Olympus, frequently paying homage to it in Greek mythology."""
7,"""Mount McKinley, also known as Denali, is the highest mountain peak in North America and home to diverse wildlife."""
8,"""Mount Cook, the tallest mountain in New Zealand, presents a tranquil beauty and stunning sights for photographers."""
9,"""Through conservation efforts, the delicate alpine ecosystems of Mount Rainier National Park have remained largely unchanged."""
10,The piercing height of Mount Everest never fails to mesmerize mountaineers from around the globe.
11,They say the sunrise view from atop Mount Fuji is a cathartic experience that everyone should witness at least once in their lifetime.
12,"Considered sacred by the local people, the incandescent glow of the snow-covered peaks of Kailash Mountain symbolizes purity and inner peace."
13,"As we explored the dense foliage at the foothills of the Rocky Mountains, the echo of distant waterfalls lured us into their mesmerizing beauty."
14,The flora and fauna adorning the alpine regions of the Andes Mountain range add a unique charm to its spectacular landscape.
15,The dormant volcano of Mount Kilimanjaro boasts a crater rim that provides astonishing views of the African grasslands beneath.
16,"With a plethora of adventure sports on offer, Mount Blanc is the winter wonderland every snow sports enthusiast dreams of."
17,"Founded over two thousand years ago, Hanging Monastery on Mount Hengshan remains an engineering marvel that effortlessly defies gravity."
18,"As you traverse the rugged relief of Appalachian Mountains, you witness the raw beauty of unspoilt nature on every bend."
19,"Mount K2, situated in the heart of the Himalayas, lays hidden behind its daunting reputation as the Savage Mountain, rewarding only the bravest of climbers with its ethereal views."
20,"As the sun set, Mount Everest was bathed in a stunning palette of purples and oranges."
21,"Despite its fiery nature, Mount Vesuvius is a stunning visual display against the backdrop of Italy's picturesque landscapes."
22,"Mount Olympus, central to ancient Greek mythology, was thought to be the dwelling place of the gods themselves. "
23,The climber successfully conquered Mount Kilimanjaro after a grueling two-week journey.
24,Mount Fuji's iconic snow-capped peak is a cherished symbol of Japanese culture.
25,"Mount Rainier's lush meadows pop with vibrant wildflowers every spring, painting the slope with a riot of colors."
26,"Using technical gear and enduring harsh weather, mountaineers challenged themselves to ascend the treacherous north face of the Eiger."
27,"The dormant volcano, Mount St. Helens, is well-known for its devastating eruption in 1980 and its subsequent regrowth into a unique habitat."
28,"The base of Mount K2, the world's second-highest peak, is an excellent area for camping and experiencing the cold, yet exhilarating, majesty of nature."
29,"Grapevines thrived in the fertile soil at the foot of Mount Elbrus, contributing to the region's excellent winemaking tradition."
30,"The Everest being the highest peak in the world, sparks the adventurous spirit in many climbers who wish to conquer it. "
31,"There is a quiet mystique about Mount Fuji, with its snow-capped peak often cloaked in wisps of cloud, that enchants every visitor."
32,The breathtaking sunrise view from the peak of Mount Kilimanjaro is a spectacle that every adventurer dreams of witnessing. 
33,"In Austrian folklore, there are tales about mystical creatures dwelling in the labyrinthine caves of the Dachstein Mountains. "
34,"The journey to the Kanchenjunga Base Camp is fraught with dangerous terrain, but rewards with the most spectacular fusion of scenery, mountain culture, and trekking adventure."
35,"As the heart of the Canadian Rockies, Mount Robson offers challenging hikes, tranquil lakes, and abundant wildlife."
36,"Mount Popa, believed to be home to powerful spirits, is a popular pilgrimage site in Myanmar, radiating a mystic aura combined with breathtaking vistas."
37,"Rising dramatically above the Sonoran Desert, Mount Lemmon is a haven for birdwatchers and features the southernmost ski resort in the United States."
38,"Mount Kailash, considered sacred by four faiths, remains unconquered to honour its religious significance, becoming an intriguing topic among mountaineers. "
39,"The rugged paths leading to the Mount Elbrus summit present an exhilarating blend of ice, rock and extreme weather, making it a challenging escapade for experienced climbers."
40,The breathtaking view of Mount Everest from the base camp left me fully mesmerized.
41,Mount Fuji's symmetrical snow-capped peak is ingrained in Japanâ€™s national identity and has influenced its arts and culture.
42,"Despite the formidable challenges, she successfully scaled Mount Kilimanjaro and imprinted her name in the history of mountaineering."
43,"As the sun set, the hues of red and orange created a majestic spectacle on the rocky surface of Mount El Capitan."
44,"Mount Rushmore, with the illustrious presidents' faces carved into its granite face, serves as a monument to America's history and heritage."
45,The unique biodiversity of Mount Rainier National Park attracts countless nature enthusiasts and wildlife photographers every year.
46,"Mount Vesuvius, the active volcano that buried the ancient city of Pompeii, is a stark reminder of nature's unpredictable fury."
47,"Ancient legends and mystical lore surround Mount Olympus, its reputation rooted deep within Greek mythology."
48,In the daunting height of Mount K2 lies the allure that stimulates inordinate bravery and relentless determination among climbers.
49,The diverse and vibrant flora that blooms during springtime on Mount Huangshan is the inspiration for many traditional Chinese paintings.
